Timestamp,title,genres
10/25/2021 13:37:00,Squid Game,"Action, Adventure, Drama"
10/25/2021 13:37:01,The Office,Comedy
10/25/2021 13:37:02,Office,Comedy
10/25/2021 13:37:03,Thevoffice,Comedy
10/25/2021 13:37:04,Friends,Comedy
10/25/2021 13:37:04,Friends,Comedyish
10/25/2021 13:37:04,Friends,Comedyish
10/25/2021 13:37:04,Friends,Comedyish
10/25/2021 13:37:04,Friends,Comedyish
10/25/2021 13:37:05,Curb Your Enthusiasm,Comedy
10/25/2021 13:37:06,The Good Place,Comedy
10/25/2021 13:37:07,The Simpsons,Comedy
10/25/2021 13:37:08,What We Do In The Shadows,Comedy
10/25/2021 13:37:09,Deadwood,"Biography, Drama"
10/25/2021 13:37:01,The Office,Comedy
10/25/2021 13:37:02,Office,Comedy
10/25/2021 13:37:03,Thevoffice,Comedy
10/25/2021 13:37:03,Thevoffice,Comedy
10/25/2021 13:37:03,Thevwextesfeoffice,Comedy
10/25/2021 13:37:09,Deadwood,"Biography, Drama"
10/25/2021 13:37:01,The Office,Comedy
10/25/2021 13:37:02,Office,Comedy
10/25/2021 13:37:03,Thevoffice,Comedy
10/25/2021 13:37:03,Game of Thrones,Comedy
10/25/2021 13:37:03,Game of Thrones,Adventure
10/25/2021 13:37:03,Game of Thrones,Sexy
